mutation_id	Hugo_Symbol	is.driver	sample_id	cluster_id	cellular_prevalence	cellular_prevalence_std	variant_allele_frequency
AC004702.1:chr17:20321618:T:C:rs752728925	AC004702.1	FALSE	T1_608	1	0.6154079552274503	0.08118223995670612	0.03426791277258567
AC004702.1:chr17:20321618:T:C:rs752728925	AC004702.1	FALSE	T_608	1	0.9779195290843145	0.09891137350208876	0.03426791277258567
AC015818.7:chr17:20503841:A:C:rs610841	AC015818.7	FALSE	T1_608	1	0.6194314595802638	0.07079637158057052	0.07291666666666667
AC015818.7:chr17:20503841:A:C:rs610841	AC015818.7	FALSE	T_608	1	0.9836873986182229	0.07941312051668024	0.07291666666666667
AC015818.9:chr17:20416503:T:C:rs71263794	AC015818.9	FALSE	T1_608	1	0.6190174743541744	0.07326244223903187	0.06666666666666668
AC015818.9:chr17:20416503:T:C:rs71263794	AC015818.9	FALSE	T_608	1	0.9821413542873132	0.08541300589557052	0.06666666666666668
AC015818.9:chr17:20416658:G:A:rs71263795	AC015818.9	FALSE	T1_608	0	0.6219733833238723	0.06302773115293096	0.08
AC015818.9:chr17:20416658:G:A:rs71263795	AC015818.9	FALSE	T_608	0	0.9874337045848334	0.06434447351079806	0.08
AC087203.1:chr8:12374513:A:G:novel	AC087203.1	FALSE	T1_608	0	0.6322203088428929	0.05313257239175876	0.1956521739130435
AC087203.1:chr8:12374513:A:G:novel	AC087203.1	FALSE	T_608	0	0.9951099567884971	0.011262381525127959	0.1956521739130435
AC233702.4:chr17:21657101:C:T:rs1418919501	AC233702.4	FALSE	T1_608	0	0.6388104552351613	0.06403119962589303	0.3
AC233702.4:chr17:21657101:C:T:rs1418919501	AC233702.4	FALSE	T_608	0	0.9952286572068908	0.014335689716686991	0.3
AC233702.4:chr17:21657174:C:T:rs1170297100	AC233702.4	FALSE	T1_608	0	0.6427844954148154	0.06867341961885838	0.4615384615384616
AC233702.4:chr17:21657174:C:T:rs1170297100	AC233702.4	FALSE	T_608	0	0.9954707233080288	0.012604852673609309	0.4615384615384616
ADGRE5:chr19:14388171:T:G:novel	ADGRE5	FALSE	T1_608	0	0.6269363237152847	0.04572419445572072	0.14285714285714285
ADGRE5:chr19:14388171:T:G:novel	ADGRE5	FALSE	T_608	0	0.9943260465950624	0.017076195050994968	0.14285714285714285
AGPAT5:chr8:6708585:T:G:rs909594498	AGPAT5	FALSE	T1_608	0	0.6367489180592997	0.061344196584016825	0.2222222222222222
AGPAT5:chr8:6708585:T:G:rs909594498	AGPAT5	FALSE	T_608	0	0.9951918012640829	0.013833741149954393	0.2222222222222222
AL391987.1:chr9:61857069:T:A:rs1218754531	AL391987.1	FALSE	T1_608	0	0.6423072800032147	0.06814977179424651	0.75
AL391987.1:chr9:61857069:T:A:rs1218754531	AL391987.1	FALSE	T_608	0	0.995347815553756	0.01528059658326641	0.75
AL591022.1:chrX:147284801:A:C:rs6626869	AL591022.1	FALSE	T1_608	1	0.6156925941010113	0.08113148180296352	0.035294117647058816
AL591022.1:chrX:147284801:A:C:rs6626869	AL591022.1	FALSE	T_608	1	0.9780593457687954	0.09919936127255607	0.035294117647058816
AMOT:chrX:112815792:A:C:novel	AMOT	FALSE	T1_608	0	0.6428890021456847	0.06851650587348357	0.2966101694915254
AMOT:chrX:112815792:A:C:novel	AMOT	FALSE	T_608	0	0.9955875841300998	0.01036330517845624	0.2966101694915254
ANAPC1:chr2:111782565:T:C:rs1357228	ANAPC1	FALSE	T1_608	0	0.6221767542792221	0.060901720009799085	0.08450704225352113
ANAPC1:chr2:111782565:T:C:rs1357228	ANAPC1	FALSE	T_608	0	0.9881257560571642	0.059573134199286185	0.08450704225352113
ANKRD22:chr10:88823267:C:T:nan	ANKRD22	FALSE	T1_608	0	0.6433202776262863	0.06878427838592173	0.3170731707317073
ANKRD22:chr10:88823267:C:T:nan	ANKRD22	FALSE	T_608	0	0.9956729579181068	0.009147033229490792	0.3170731707317073
ANKRD63:chr15:40282108:A:C:novel	ANKRD63	FALSE	T1_608	0	0.6362317989090283	0.05974007412852979	0.2058823529411765
ANKRD63:chr15:40282108:A:C:novel	ANKRD63	FALSE	T_608	0	0.9950564175987088	0.014380087613058118	0.2058823529411765
AP006587.6:chr11:49874970:T:C:novel	AP006587.6	FALSE	T1_608	0	0.6236042217548926	0.058483493417658475	0.09090909090909093
AP006587.6:chr11:49874970:T:C:novel	AP006587.6	FALSE	T_608	0	0.9891344398882176	0.05676031938087413	0.09090909090909093
AP006587.6:chr11:49874971:G:A:novel	AP006587.6	FALSE	T1_608	0	0.6238683398755006	0.0573904934555049	0.09090909090909093
AP006587.6:chr11:49874971:G:A:novel	AP006587.6	FALSE	T_608	0	0.9900510876600428	0.051352384940987116	0.09090909090909093
APOBR:chr16:28496131:G:T:rs370148393	APOBR	FALSE	T1_608	1	0.6167833113076641	0.07914695795983773	0.04945054945054945
APOBR:chr16:28496131:G:T:rs370148393	APOBR	FALSE	T_608	1	0.9790289225145244	0.0964613090554788	0.04945054945054945
ARMC4:chr10:27935124:C:T:rs747260565	ARMC4	FALSE	T1_608	0	0.6436868399106592	0.06919855619682765	0.3333333333333333
ARMC4:chr10:27935124:C:T:rs747260565	ARMC4	FALSE	T_608	0	0.9956749478109505	0.012558716874186991	0.3333333333333333
ATAD3B:chr1:1495915:T:C:rs1030185265	ATAD3B	FALSE	T1_608	1	0.6199048197927671	0.07004377778675121	0.07246376811594203
ATAD3B:chr1:1495915:T:C:rs1030185265	ATAD3B	FALSE	T_608	1	0.9840450446802379	0.07909640511537022	0.07246376811594203
ATP13A1:chr19:19663674:A:C:novel	ATP13A1	FALSE	T1_608	0	0.6229188556310924	0.05759932739796598	0.08641975308641975
ATP13A1:chr19:19663674:A:C:novel	ATP13A1	FALSE	T_608	0	0.989401155349136	0.053219283574996334	0.08641975308641975
ATP4A:chr19:35551708:A:C:novel	ATP4A	FALSE	T1_608	0	0.633434849616872	0.05610896756817668	0.18867924528301888
ATP4A:chr19:35551708:A:C:novel	ATP4A	FALSE	T_608	0	0.9949538837195032	0.014358010301204448	0.18867924528301888
BAHCC1:chr17:81460192:T:A:novel	BAHCC1	FALSE	T1_608	0	0.6344824325784979	0.05730972271758548	0.19642857142857145
BAHCC1:chr17:81460192:T:A:novel	BAHCC1	FALSE	T_608	0	0.9951434516362552	0.01023847031129848	0.19642857142857145
BIK:chr22:43128360:A:C:novel	BIK	FALSE	T1_608	0	0.630586912789984	0.05294882849818155	0.16666666666666666
BIK:chr22:43128360:A:C:novel	BIK	FALSE	T_608	0	0.994532285821606	0.01703462304897391	0.16666666666666666
BRCA1:chr17:43125091:T:G:novel	BRCA1	FALSE	T1_608	0	0.6291386820095433	0.04950924396169455	0.16666666666666666
BRCA1:chr17:43125091:T:G:novel	BRCA1	FALSE	T_608	0	0.9945278796396028	0.016809916929050515	0.16666666666666666
C12orf50:chr12:87995786:G:C:novel	C12orf50	FALSE	T1_608	0	0.6361972193189608	0.0607675442937425	0.2222222222222222
C12orf50:chr12:87995786:G:C:novel	C12orf50	FALSE	T_608	0	0.9950014505640904	0.015298153157281391	0.2222222222222222
CACNA1E:chr1:181733831:G:C:novel	CACNA1E	FALSE	T1_608	0	0.6433131323552459	0.06912298376165357	0.3252032520325203
CACNA1E:chr1:181733831:G:C:novel	CACNA1E	FALSE	T_608	0	0.9955871638522608	0.01144882347873066	0.3252032520325203
CAPN13:chr2:30736185:T:G:novel	CAPN13	FALSE	T1_608	0	0.6392234856324739	0.06439812803498976	0.2608695652173913
CAPN13:chr2:30736185:T:G:novel	CAPN13	FALSE	T_608	0	0.995107975455424	0.01492122561656771	0.2608695652173913
CBWD5:chr9:65733374:G:T:rs1334628276	CBWD5	FALSE	T1_608	0	0.6340149402532229	0.05712058625896201	0.1851851851851852
CBWD5:chr9:65733374:G:T:rs1334628276	CBWD5	FALSE	T_608	0	0.9947485071653528	0.016647488312801297	0.1851851851851852
CCDC30:chr1:42482877:A:C:novel	CCDC30	FALSE	T1_608	0	0.6295478333239928	0.05005633723304506	0.15789473684210525
CCDC30:chr1:42482877:A:C:novel	CCDC30	FALSE	T_608	0	0.9945674985746579	0.01673509335331121	0.15789473684210525
CD8B2:chr2:106490846:C:T:rs62153984	CD8B2	FALSE	T1_608	0	0.6211192957224168	0.0625220260888739	0.08270676691729323
CD8B2:chr2:106490846:C:T:rs62153984	CD8B2	FALSE	T_608	0	0.9870528527033228	0.06420758605812528	0.08270676691729323
CD8B:chr2:86821514:T:G:novel	CD8B	FALSE	T1_608	0	0.6297112536619438	0.05300260433406877	0.1590909090909091
CD8B:chr2:86821514:T:G:novel	CD8B	FALSE	T_608	0	0.9942068912987072	0.021160006686462902	0.1590909090909091
CDH6:chr5:31323385:C:T:rs1356931507	CDH6	FALSE	T1_608	0	0.6413967493904845	0.06734217454882918	0.26153846153846155
CDH6:chr5:31323385:C:T:rs1356931507	CDH6	FALSE	T_608	0	0.9954893174637696	0.01060833979110992	0.26153846153846155
CDHR2:chr5:176568901:C:A:novel	CDHR2	FALSE	T1_608	1	0.6164360592144986	0.07934620738030568	0.045283018867924525
CDHR2:chr5:176568901:C:A:novel	CDHR2	FALSE	T_608	1	0.9787160937591691	0.09677468190404792	0.045283018867924525
CDKL1:chr14:50341141:C:T:rs376762956	CDKL1	FALSE	T1_608	0	0.6431265233261363	0.0688383097742961	0.35
CDKL1:chr14:50341141:C:T:rs376762956	CDKL1	FALSE	T_608	0	0.9956501417530408	0.010486906933492956	0.35
CEACAM7:chr19:41684108:G:T:rs199934065	CEACAM7	FALSE	T1_608	0	0.6224172476473073	0.05903387455450266	0.08602150537634409
CEACAM7:chr19:41684108:G:T:rs199934065	CEACAM7	FALSE	T_608	0	0.9889771302667898	0.05499600186628488	0.08602150537634409
CELF2:chr10:11017923:T:G:novel	CELF2	FALSE	T1_608	0	0.6269459847227772	0.04623169079723142	0.13846153846153847
CELF2:chr10:11017923:T:G:novel	CELF2	FALSE	T_608	0	0.9941683067975942	0.017765784064923875	0.13846153846153847
CES2:chr16:66937938:T:G:novel	CES2	FALSE	T1_608	0	0.626948730941232	0.04530153223708885	0.14736842105263154
CES2:chr16:66937938:T:G:novel	CES2	FALSE	T_608	0	0.9942791692344805	0.018261953757340518	0.14736842105263154
CFAP70:chr10:73312440:A:C:novel	CFAP70	FALSE	T1_608	0	0.6427052707345305	0.06799866065928271	0.30666666666666664
CFAP70:chr10:73312440:A:C:novel	CFAP70	FALSE	T_608	0	0.9956800038066704	0.010311835383594821	0.30666666666666664
CHD6:chr20:41439911:A:C:novel	CHD6	FALSE	T1_608	0	0.6275854182580349	0.04562268407591594	0.15841584158415842
CHD6:chr20:41439911:A:C:novel	CHD6	FALSE	T_608	0	0.9945294050125932	0.0143539928088128	0.15841584158415842
CLDN14:chr21:36461837:A:C:novel	CLDN14	FALSE	T1_608	0	0.6381852545325261	0.06284946793971609	0.2380952380952381
CLDN14:chr21:36461837:A:C:novel	CLDN14	FALSE	T_608	0	0.9953411600483636	0.013756798395816134	0.2380952380952381
CLEC18B:chr16:74411078:C:G:rs199636808	CLEC18B	FALSE	T1_608	1	0.6187567366843001	0.0739075117101563	0.0625
CLEC18B:chr16:74411078:C:G:rs199636808	CLEC18B	FALSE	T_608	1	0.9818201537090168	0.08673795101326091	0.0625
COG8:chr16:69331165:A:C:novel	COG8	FALSE	T1_608	0	0.6328568177296746	0.05529189332830935	0.1864406779661017
COG8:chr16:69331165:A:C:novel	COG8	FALSE	T_608	0	0.9950248138116998	0.012357123265735072	0.1864406779661017
COL11A1:chr1:102946926:T:C:novel	COL11A1	FALSE	T1_608	0	0.6419915126602027	0.06758343650000953	0.32558139534883723
COL11A1:chr1:102946926:T:C:novel	COL11A1	FALSE	T_608	0	0.995680963331876	0.00915166559517643	0.32558139534883723
CPNE5:chr6:36765181:T:G:novel	CPNE5	FALSE	T1_608	0	0.6408431836364387	0.06642568999034157	0.2857142857142857
CPNE5:chr6:36765181:T:G:novel	CPNE5	FALSE	T_608	0	0.9954283124631012	0.011927926312263134	0.2857142857142857
CTSA:chr20:45893557:A:C:novel	CTSA	FALSE	T1_608	0	0.6394790567164205	0.06436503555201592	0.2777777777777778
CTSA:chr20:45893557:A:C:novel	CTSA	FALSE	T_608	0	0.9953639946290354	0.012931791416440243	0.2777777777777778
CXCR3:chrX:71617555:C:A:novel	CXCR3	FALSE	T1_608	0	0.6423898045165464	0.06802319606140682	0.2714285714285714
CXCR3:chrX:71617555:C:A:novel	CXCR3	FALSE	T_608	0	0.995620287358848	0.009285386274225937	0.2714285714285714
CXCR4:chr2:136114915:G:C:rs104893626	CXCR4	FALSE	T1_608	0	0.6414746308696748	0.06687432090645667	0.2532467532467532
CXCR4:chr2:136114915:G:C:rs104893626	CXCR4	FALSE	T_608	0	0.9953419043982952	0.015013447585536157	0.2532467532467532
CYP2E1:chr10:133528803:T:G:novel	CYP2E1	FALSE	T1_608	0	0.6421723005801007	0.06781119374628193	0.3055555555555556
CYP2E1:chr10:133528803:T:G:novel	CYP2E1	FALSE	T_608	0	0.9955472481680244	0.012762354311189238	0.3055555555555556
CYP4Z1:chr1:47082517:A:G:rs61784349	CYP4Z1	FALSE	T1_608	1	0.6191192264353089	0.0726414943083989	0.061224489795918366
CYP4Z1:chr1:47082517:A:G:rs61784349	CYP4Z1	FALSE	T_608	1	0.9822406545186132	0.08588498032707383	0.061224489795918366
DACH2:chrX:86651056:G:C:nan	DACH2	FALSE	T1_608	1	0.6163929932549261	0.07988000978045627	0.043209876543209874
DACH2:chrX:86651056:G:C:nan	DACH2	FALSE	T_608	1	0.9782606001688174	0.09834155613720774	0.043209876543209874
DCX:chrX:111301563:T:C:nan	DCX	FALSE	T1_608	0	0.6431548272485536	0.0691299841027268	0.3216783216783217
DCX:chrX:111301563:T:C:nan	DCX	FALSE	T_608	0	0.9955870515815596	0.012170514520469852	0.3216783216783217
DENND10:chr10:119123684:A:C:novel	DENND10	FALSE	T1_608	0	0.6310419039611844	0.051978004682954	0.1855670103092784
DENND10:chr10:119123684:A:C:novel	DENND10	FALSE	T_608	0	0.9944816448085032	0.02043271527967849	0.1855670103092784
DFFA:chr1:10467458:A:C:novel	DFFA	FALSE	T1_608	0	0.63927059252606	0.06466296531879248	0.2307692307692308
DFFA:chr1:10467458:A:C:novel	DFFA	FALSE	T_608	0	0.9952753843425948	0.01425687699071535	0.2307692307692308
DIO1:chr1:53910095:T:C:rs1184122446	DIO1	FALSE	T1_608	0	0.6427724868745041	0.0684145298771355	0.34545454545454546
DIO1:chr1:53910095:T:C:rs1184122446	DIO1	FALSE	T_608	0	0.9955475397906808	0.011212604858610831	0.34545454545454546
DNM1P47:chr15:101754084:G:C:rs535413422	DNM1P47	FALSE	T1_608	1	0.6177381074488518	0.07737314120002822	0.054054054054054064
DNM1P47:chr15:101754084:G:C:rs535413422	DNM1P47	FALSE	T_608	1	0.9799965738169248	0.09304945978798916	0.054054054054054064
DNM1P47:chr15:101760072:G:A:rs1191841882	DNM1P47	FALSE	T1_608	1	0.6157098037349449	0.08009607692430995	0.03508771929824561
DNM1P47:chr15:101760072:G:A:rs1191841882	DNM1P47	FALSE	T_608	1	0.9780970588216724	0.09834643597898547	0.03508771929824561
DPH1:chr17:2036822:G:A:rs376186877	DPH1	FALSE	T1_608	0	0.6434298213383075	0.06895801652385812	0.3287671232876712
DPH1:chr17:2036822:G:A:rs376186877	DPH1	FALSE	T_608	0	0.99566180451346	0.011067384442271979	0.3287671232876712
DTWD2:chr5:118988549:G:A:novel	DTWD2	FALSE	T1_608	0	0.6338263571967924	0.058504211752134626	0.1875
DTWD2:chr5:118988549:G:A:novel	DTWD2	FALSE	T_608	0	0.9948105230301868	0.016007056038528634	0.1875
DTYMK:chr2:241686660:A:C:novel	DTYMK	FALSE	T1_608	0	0.6280557864358722	0.04788986306427594	0.15254237288135594
DTYMK:chr2:241686660:A:C:novel	DTYMK	FALSE	T_608	0	0.994330315848859	0.01776010018323591	0.15254237288135594
DUX4L34:chr20:29408533:G:T:rs1194564758	DUX4L34	FALSE	T1_608	0	0.6404539178670233	0.06532511671008863	0.3636363636363637
DUX4L34:chr20:29408533:G:T:rs1194564758	DUX4L34	FALSE	T_608	0	0.9953810260852308	0.014361782656323659	0.3636363636363637
EEF1A1P5:chr9:133019539:G:A:rs1183073271	EEF1A1P5	FALSE	T1_608	0	0.6231724574147526	0.061613999463983625	0.08571428571428573
EEF1A1P5:chr9:133019539:G:A:rs1183073271	EEF1A1P5	FALSE	T_608	0	0.98805949599431	0.062035601783244125	0.08571428571428573
EEF1A1P5:chr9:133019830:T:G:rs62576762	EEF1A1P5	FALSE	T1_608	1	0.6181866795337597	0.07591696387572733	0.06097560975609756
EEF1A1P5:chr9:133019830:T:G:rs62576762	EEF1A1P5	FALSE	T_608	1	0.9806454576370232	0.09105322737947764	0.06097560975609756
EIF4G1:chr3:184328466:A:C:nan	EIF4G1	FALSE	T1_608	0	0.6286264840384113	0.04717864520919055	0.15492957746478872
EIF4G1:chr3:184328466:A:C:nan	EIF4G1	FALSE	T_608	0	0.9946280482111164	0.015512881565602384	0.15492957746478872
EIF4G1:chr3:184328467:A:C:novel	EIF4G1	FALSE	T1_608	0	0.6274190557188506	0.046268822307415976	0.1527777777777778
EIF4G1:chr3:184328467:A:C:novel	EIF4G1	FALSE	T_608	0	0.994475993810656	0.01674362788002003	0.1527777777777778
ENSR00000371017:chr1:125180365:A:C:novel	ENSR00000371017	FALSE	T1_608	1	0.615125507430895	0.08163003239243663	0.034557235421166316
ENSR00000371017:chr1:125180365:A:C:novel	ENSR00000371017	FALSE	T_608	1	0.9774214488066832	0.10112207893869933	0.034557235421166316
ENSR00000536317:chr16:46387899:A:T:rs9745449	ENSR00000536317	FALSE	T1_608	1	0.6162905484069657	0.079606592766142	0.042424242424242434
ENSR00000536317:chr16:46387899:A:T:rs9745449	ENSR00000536317	FALSE	T_608	1	0.978577487168648	0.09698974711495197	0.042424242424242434
ENSR00000918295:chr1:206074:T:C:rs1337832513	ENSR00000918295	FALSE	T1_608	0	0.6257180056588133	0.04674914888155722	0.11864406779661014
ENSR00000918295:chr1:206074:T:C:rs1337832513	ENSR00000918295	FALSE	T_608	0	0.9935785062331768	0.02476539228952067	0.11864406779661014
ENSR00000930170:chr1:143185188:C:A:novel	ENSR00000930170	FALSE	T1_608	1	0.6210407317922779	0.06502008620261086	0.07954545454545454
ENSR00000930170:chr1:143185188:C:A:novel	ENSR00000930170	FALSE	T_608	1	0.985907771924558	0.07033987466201302	0.07954545454545454
ENSR00000941134:chr10:9239467:C:T:novel	ENSR00000941134	FALSE	T1_608	1	0.6171039307763051	0.07772094633170883	0.047058823529411764
ENSR00000941134:chr10:9239467:C:T:novel	ENSR00000941134	FALSE	T_608	1	0.9794620497377616	0.09513359328596713	0.047058823529411764
ENSR00000943744:chr10:42067278:T:C:rs1397974228	ENSR00000943744	FALSE	T1_608	0	0.6271520769871001	0.051143951046817925	0.12903225806451613
ENSR00000943744:chr10:42067278:T:C:rs1397974228	ENSR00000943744	FALSE	T_608	0	0.9930669867396988	0.029914349514139817	0.12903225806451613
ENSR00000943744:chr10:42067328:C:T:novel	ENSR00000943744	FALSE	T1_608	0	0.6264285744730071	0.05443896320099092	0.1111111111111111
ENSR00000943744:chr10:42067328:C:T:novel	ENSR00000943744	FALSE	T_608	0	0.9920845881159326	0.03990318750788592	0.1111111111111111
FAM106A:chr17:18526756:G:A:rs1264357002	FAM106A	FALSE	T1_608	1	0.6181824578097377	0.0752681560918776	0.056338028169014086
FAM106A:chr17:18526756:G:A:rs1264357002	FAM106A	FALSE	T_608	1	0.9808637000152638	0.09076998971000916	0.056338028169014086
FAM120A:chr9:93523191:C:G:novel	FAM120A	FALSE	T1_608	0	0.6242448290118571	0.05151099525066005	0.09803921568627452
FAM120A:chr9:93523191:C:G:novel	FAM120A	FALSE	T_608	0	0.9916540561076049	0.04027881071549436	0.09803921568627452
FAM41C:chr1:873939:C:T:rs1043987878	FAM41C	FALSE	T1_608	1	0.6167294387960051	0.07812390928643953	0.051428571428571435
FAM41C:chr1:873939:C:T:rs1043987878	FAM41C	FALSE	T_608	1	0.9792386957698754	0.09507159172841363	0.051428571428571435
FAM86B2:chr8:12428798:T:C:rs2719492	FAM86B2	FALSE	T1_608	1	0.6169646198001087	0.07910983321784756	0.04166666666666666
FAM86B2:chr8:12428798:T:C:rs2719492	FAM86B2	FALSE	T_608	1	0.978890284179086	0.09697693200438527	0.04166666666666666
FAM90A22P:chr8:7573282:G:C:novel	FAM90A22P	FALSE	T1_608	0	0.6213957738575623	0.06407921141564599	0.075
FAM90A22P:chr8:7573282:G:C:novel	FAM90A22P	FALSE	T_608	0	0.9866048795883999	0.06871239902969975	0.075
FAM90A23P:chr8:7580726:G:A:rs1250839321	FAM90A23P	FALSE	T1_608	1	0.6174461008455966	0.07651430647569364	0.05960264900662252
FAM90A23P:chr8:7580726:G:A:rs1250839321	FAM90A23P	FALSE	T_608	1	0.9801794988018322	0.0925328479828904	0.05960264900662252
FAM90A24P:chr8:8020371:T:A:rs370679634	FAM90A24P	FALSE	T1_608	1	0.6140480881836899	0.08490896748790094	0.02538071065989848
FAM90A24P:chr8:8020371:T:A:rs370679634	FAM90A24P	FALSE	T_608	1	0.9759989891935898	0.10612168783982412	0.02538071065989848
FMNL3:chr12:49648120:T:A:rs916564839	FMNL3	FALSE	T1_608	0	0.624795461791099	0.05094628117851016	0.10638297872340426
FMNL3:chr12:49648120:T:A:rs916564839	FMNL3	FALSE	T_608	0	0.9920929225212456	0.03925783621601549	0.10638297872340426
FOXD4L1:chr2:113499719:A:G:rs199845792	FOXD4L1	FALSE	T1_608	1	0.6169115933293385	0.07868386407923593	0.04666666666666667
FOXD4L1:chr2:113499719:A:G:rs199845792	FOXD4L1	FALSE	T_608	1	0.979202551317379	0.09628854351816253	0.04666666666666667
FRG1EP:chr20:29500944:G:T:rs1447296537	FRG1EP	FALSE	T1_608	1	0.6215463731007396	0.06405629676697372	0.08163265306122447
FRG1EP:chr20:29500944:G:T:rs1447296537	FRG1EP	FALSE	T_608	1	0.9868378377601144	0.06677868082203496	0.08163265306122447
FRG1GP:chr22:12602642:C:T:rs1367905107	FRG1GP	FALSE	T1_608	0	0.6415619049735957	0.06697510748931118	0.3076923076923077
FRG1GP:chr22:12602642:C:T:rs1367905107	FRG1GP	FALSE	T_608	0	0.9955727619943838	0.012274005615594458	0.3076923076923077
FRG1HP:chr9:41009836:G:A:rs2482688	FRG1HP	FALSE	T1_608	0	0.6413606214265041	0.06692828782979285	0.2631578947368421
FRG1HP:chr9:41009836:G:A:rs2482688	FRG1HP	FALSE	T_608	0	0.9953419801696426	0.015284392967945716	0.2631578947368421
FRG1HP:chr9:41009947:T:C:rs1238720780	FRG1HP	FALSE	T1_608	0	0.6427737971440478	0.06815354288640771	0.4375
FRG1HP:chr9:41009947:T:C:rs1238720780	FRG1HP	FALSE	T_608	0	0.9957476056502792	0.006988440016857393	0.4375
GABRG3:chr15:26977102:A:C:rs1391840467	GABRG3	FALSE	T1_608	0	0.6259667349966372	0.04619743110306514	0.1232876712328767
GABRG3:chr15:26977102:A:C:rs1391840467	GABRG3	FALSE	T_608	0	0.9939296711707136	0.02205364315720457	0.1232876712328767
GALNT17:chr7:71388132:C:T:rs77859267	GALNT17	FALSE	T1_608	0	0.6420684747715857	0.06779970293899329	0.28
GALNT17:chr7:71388132:C:T:rs77859267	GALNT17	FALSE	T_608	0	0.9956196399923528	0.0094595983447145	0.28
GBF1:chr10:102376963:G:A:novel	GBF1	FALSE	T1_608	0	0.6434927374912522	0.06926718809029009	0.30618892508143325
GBF1:chr10:102376963:G:A:novel	GBF1	FALSE	T_608	0	0.9955545673354949	0.01325391074205404	0.30618892508143325
GOLGA2P10:chr15:82478037:G:A:rs1294843628	GOLGA2P10	FALSE	T1_608	0	0.6335924837120018	0.056292916567701856	0.1875
GOLGA2P10:chr15:82478037:G:A:rs1294843628	GOLGA2P10	FALSE	T_608	0	0.9948437914049688	0.014537357658116843	0.1875
GOLGA6L10:chr15:82344780:G:A:rs541525492	GOLGA6L10	FALSE	T1_608	0	0.6381401201907339	0.06312295232293301	0.2153846153846154
GOLGA6L10:chr15:82344780:G:A:rs541525492	GOLGA6L10	FALSE	T_608	0	0.9952654233056184	0.013653625929714029	0.2153846153846154
GOLGA8EP:chr15:22437343:C:T:rs879311351	GOLGA8EP	FALSE	T1_608	0	0.6331325575954927	0.05777767864971546	0.17647058823529413
GOLGA8EP:chr15:22437343:C:T:rs879311351	GOLGA8EP	FALSE	T_608	0	0.9946426320651958	0.016804426812668718	0.17647058823529413
GOLGA8R:chr15:30404622:G:C:rs1386363680	GOLGA8R	FALSE	T1_608	0	0.6295023866278542	0.0532567924790201	0.14814814814814814
GOLGA8R:chr15:30404622:G:C:rs1386363680	GOLGA8R	FALSE	T_608	0	0.9939013328328572	0.026066771805949955	0.14814814814814814
GPM6A:chr4:176002230:A:C:novel	GPM6A	FALSE	T1_608	0	0.6267563011514934	0.0464927107792062	0.13043478260869565
GPM6A:chr4:176002230:A:C:novel	GPM6A	FALSE	T_608	0	0.994027561743601	0.021742062642705076	0.13043478260869565
GPT2:chr16:46907109:C:T:novel	GPT2	FALSE	T1_608	0	0.643735994180604	0.06923260188317003	0.4
GPT2:chr16:46907109:C:T:novel	GPT2	FALSE	T_608	0	0.9957099400571598	0.011280246947545052	0.4
GRB7:chr17:39739016:A:T:novel	GRB7	FALSE	T1_608	0	0.6376001998961696	0.062022321409010574	0.2333333333333333
GRB7:chr17:39739016:A:T:novel	GRB7	FALSE	T_608	0	0.9951030858380936	0.015130980080066853	0.2333333333333333
GXYLT1P4:chr9:66029932:C:T:rs62551777	GXYLT1P4	FALSE	T1_608	0	0.628137219590688	0.051147815743616064	0.13793103448275862
GXYLT1P4:chr9:66029932:C:T:rs62551777	GXYLT1P4	FALSE	T_608	0	0.9937296941537684	0.02465231002486532	0.13793103448275862
HPX:chr11:6431740:G:A:rs764038271	HPX	FALSE	T1_608	0	0.6434127103837118	0.06879520282420064	0.30386740331491713
HPX:chr11:6431740:G:A:rs764038271	HPX	FALSE	T_608	0	0.9956715389018332	0.009131654580481931	0.30386740331491713
HRH3:chr20:62216283:C:T:novel	HRH3	FALSE	T1_608	0	0.623242024622573	0.05423858679560934	0.09361702127659574
HRH3:chr20:62216283:C:T:novel	HRH3	FALSE	T_608	0	0.9907087646252196	0.04342240227047413	0.09361702127659574
HSPG2:chr1:21874506:G:A:rs113743582	HSPG2	FALSE	T1_608	0	0.6435872542716096	0.06901106597632732	0.3525179856115108
HSPG2:chr1:21874506:G:A:rs113743582	HSPG2	FALSE	T_608	0	0.9957118857649646	0.01157690849648038	0.3525179856115108
IFT81:chr12:110128827:C:A:nan	IFT81	FALSE	T1_608	0	0.6388563444132354	0.06312509312238276	0.25
IFT81:chr12:110128827:C:A:nan	IFT81	FALSE	T_608	0	0.9954227938106752	0.009900279940434822	0.25
IGHD2OR15-2A:chr15:20008627:G:A:rs1350527575	IGHD2OR15-2A	FALSE	T1_608	0	0.641507403306437	0.06735950380203139	0.3157894736842105
IGHD2OR15-2A:chr15:20008627:G:A:rs1350527575	IGHD2OR15-2A	FALSE	T_608	0	0.995478836930707	0.012967461465130656	0.3157894736842105
IGHJ6:chr14:105863363:T:A:novel	IGHJ6	FALSE	T1_608	0	0.6431692786031489	0.06876365671728661	0.38461538461538464
IGHJ6:chr14:105863363:T:A:novel	IGHJ6	FALSE	T_608	0	0.9956257057462146	0.011865566376142528	0.38461538461538464
IGHJ6:chr14:105863380:C:T:rs782057551	IGHJ6	FALSE	T1_608	0	0.6425348664326888	0.06807889827487769	0.3703703703703704
IGHJ6:chr14:105863380:C:T:rs782057551	IGHJ6	FALSE	T_608	0	0.995557537984876	0.011113087387454805	0.3703703703703704
IGHJ6:chr14:105863473:C:T:rs1156719442	IGHJ6	FALSE	T1_608	0	0.6415330041847341	0.06693755190478126	0.38461538461538464
IGHJ6:chr14:105863473:C:T:rs1156719442	IGHJ6	FALSE	T_608	0	0.9955304365258272	0.011306332371292171	0.38461538461538464
IGHM:chr14:105859089:C:T:novel	IGHM	FALSE	T1_608	0	0.6402924771657921	0.06561279023839381	0.2564102564102564
IGHM:chr14:105859089:C:T:novel	IGHM	FALSE	T_608	0	0.9955202725204808	0.012714500185651796	0.2564102564102564
IGHM:chr14:105859093:G:A:rs1226512457	IGHM	FALSE	T1_608	0	0.636686566212253	0.061178644473720886	0.20512820512820512
IGHM:chr14:105859093:G:A:rs1226512457	IGHM	FALSE	T_608	0	0.9949722245256984	0.015208509636893757	0.20512820512820512
IGHM:chr14:105859153:A:G:rs1365423660	IGHM	FALSE	T1_608	0	0.6296651863763593	0.05279785071925621	0.14285714285714285
IGHM:chr14:105859153:A:G:rs1365423660	IGHM	FALSE	T_608	0	0.9940725643595834	0.02227295306293326	0.14285714285714285
IGHM:chr14:105859445:G:A:novel	IGHM	FALSE	T1_608	0	0.6404203940922725	0.0656306082440388	0.2549019607843137
IGHM:chr14:105859445:G:A:novel	IGHM	FALSE	T_608	0	0.9953307241341024	0.013759146503437372	0.2549019607843137
IGHM:chr14:105859709:G:A:novel	IGHM	FALSE	T1_608	0	0.6232569225650456	0.05771125610881848	0.09090909090909093
IGHM:chr14:105859709:G:A:novel	IGHM	FALSE	T_608	0	0.9894772826879328	0.05450459142873383	0.09090909090909093
IGHV2-70:chr14:106770681:T:C:rs905033053	IGHV2-70	FALSE	T1_608	0	0.6434583114580159	0.06897117466143382	0.35106382978723405
IGHV2-70:chr14:106770681:T:C:rs905033053	IGHV2-70	FALSE	T_608	0	0.9956298093605712	0.010834174716002046	0.35106382978723405
IGHV2-70:chr14:106770696:T:C:rs17113976	IGHV2-70	FALSE	T1_608	0	0.6432104256690271	0.06894757094157915	0.3617021276595745
IGHV2-70:chr14:106770696:T:C:rs17113976	IGHV2-70	FALSE	T_608	0	0.9957965605458772	0.00675502173923936	0.3617021276595745
IGHV2-70:chr14:106770755:C:T:rs747606792	IGHV2-70	FALSE	T1_608	0	0.6443488482572756	0.06971544477431085	0.49
IGHV2-70:chr14:106770755:C:T:rs747606792	IGHV2-70	FALSE	T_608	0	0.9958375815634346	0.007624704487558547	0.49
IGHV2-70:chr14:106771011:G:C:rs376256801	IGHV2-70	FALSE	T1_608	0	0.6448844392361427	0.07071507616703752	0.5692307692307692
IGHV2-70:chr14:106771011:G:C:rs376256801	IGHV2-70	FALSE	T_608	0	0.9956559822469888	0.012102465703903569	0.5692307692307692
IGHV2-70D:chr14:106723493:T:C:rs1280227957	IGHV2-70D	FALSE	T1_608	0	0.6451222254058687	0.07084041582257644	0.7333333333333333
IGHV2-70D:chr14:106723493:T:C:rs1280227957	IGHV2-70D	FALSE	T_608	0	0.9956735963295488	0.01456196240250259	0.7333333333333333
IGHV2-70D:chr14:106723732:T:C:novel	IGHV2-70D	FALSE	T1_608	0	0.643504406158734	0.06912808171328756	0.3723404255319149
IGHV2-70D:chr14:106723732:T:C:novel	IGHV2-70D	FALSE	T_608	0	0.9956550418757968	0.010688667292215685	0.3723404255319149
IGHV2-70D:chr14:106723741:T:C:novel	IGHV2-70D	FALSE	T1_608	0	0.643304337819104	0.06909938123839703	0.3176470588235294
IGHV2-70D:chr14:106723741:T:C:novel	IGHV2-70D	FALSE	T_608	0	0.9955656060241744	0.012054780741544393	0.3176470588235294
IGHV2-70D:chr14:106723777:C:G:rs1426068732	IGHV2-70D	FALSE	T1_608	0	0.637909496435996	0.06281213986198317	0.2222222222222222
IGHV2-70D:chr14:106723777:C:G:rs1426068732	IGHV2-70D	FALSE	T_608	0	0.9953337911749066	0.010957553996203335	0.2222222222222222
IGHV3-33:chr14:106359721:A:C:rs187107128	IGHV3-33	FALSE	T1_608	1	0.616540254951295	0.07914442469911903	0.04032258064516129
IGHV3-33:chr14:106359721:A:C:rs187107128	IGHV3-33	FALSE	T_608	1	0.9786293299527038	0.09713903631551044	0.04032258064516129
IGHV3-64:chr14:106657724:C:T:novel	IGHV3-64	FALSE	T1_608	0	0.6271352661966695	0.04569195769546961	0.15217391304347827
IGHV3-64:chr14:106657724:C:T:novel	IGHV3-64	FALSE	T_608	0	0.994342031518108	0.018926370331471126	0.15217391304347827
IGHV3-64:chr14:106657726:C:T:rs781846629	IGHV3-64	FALSE	T1_608	0	0.6268492817865614	0.04557868554917696	0.14893617021276595
IGHV3-64:chr14:106657726:C:T:rs781846629	IGHV3-64	FALSE	T_608	0	0.9942005598942856	0.020424357442033483	0.14893617021276595
IGKV2-28:chr2:89222061:A:G:novel	IGKV2-28	FALSE	T1_608	0	0.6319575559307046	0.05671268458540316	0.15789473684210525
IGKV2-28:chr2:89222061:A:G:novel	IGKV2-28	FALSE	T_608	0	0.9940931527474098	0.02471968331626461	0.15789473684210525
IGKV2-28:chr2:89222128:T:G:novel	IGKV2-28	FALSE	T1_608	0	0.6436110078027489	0.06952303543153596	0.4
IGKV2-28:chr2:89222128:T:G:novel	IGKV2-28	FALSE	T_608	0	0.9957517263894212	0.008527649865170437	0.4
IGKV2-28:chr2:89222485:G:A:rs1429799596	IGKV2-28	FALSE	T1_608	0	0.6447279423053214	0.0700662195891478	0.5535714285714286
IGKV2-28:chr2:89222485:G:A:rs1429799596	IGKV2-28	FALSE	T_608	0	0.9957497492809364	0.01188218122769083	0.5535714285714286
IGLL5:chr22:22888030:A:G:rs1389867201	IGLL5	FALSE	T1_608	0	0.6435335602785238	0.0689886860721226	0.3404255319148936
IGLL5:chr22:22888030:A:G:rs1389867201	IGLL5	FALSE	T_608	0	0.9957406254296364	0.008679789945783287	0.3404255319148936
IGLL5:chr22:22888178:T:G:rs140298238	IGLL5	FALSE	T1_608	0	0.6268468039607116	0.04753651875624161	0.13043478260869565
IGLL5:chr22:22888178:T:G:rs140298238	IGLL5	FALSE	T_608	0	0.9938069537033974	0.02267238009360335	0.13043478260869565
IGLL5:chr22:22888181:T:A:rs188930549	IGLL5	FALSE	T1_608	0	0.6297528576464422	0.05129123878106805	0.15555555555555556
IGLL5:chr22:22888181:T:A:rs188930549	IGLL5	FALSE	T_608	0	0.9943253191448924	0.01974765396254856	0.15555555555555556
IGLV3-1:chr22:22881079:C:T:rs550124177	IGLV3-1	FALSE	T1_608	0	0.6431618211821248	0.0690884730961948	0.3197969543147208
IGLV3-1:chr22:22881079:C:T:rs550124177	IGLV3-1	FALSE	T_608	0	0.9957015907255028	0.010072978602320991	0.3197969543147208
IGLV3-1:chr22:22881233:C:T:rs368398402	IGLV3-1	FALSE	T1_608	0	0.6421579668755648	0.06767824147527388	0.2883895131086142
IGLV3-1:chr22:22881233:C:T:rs368398402	IGLV3-1	FALSE	T_608	0	0.9956361440529892	0.01049816981657449	0.2883895131086142
IGLV3-1:chr22:22881240:C:G:rs73880715	IGLV3-1	FALSE	T1_608	0	0.6433970783558874	0.06884807368193305	0.33458646616541354
IGLV3-1:chr22:22881240:C:G:rs73880715	IGLV3-1	FALSE	T_608	0	0.9957395268276424	0.011033616065252905	0.33458646616541354
IGLV3-1:chr22:22881257:T:C:rs376313046	IGLV3-1	FALSE	T1_608	0	0.6433980215757292	0.06920770395907794	0.3511450381679389
IGLV3-1:chr22:22881257:T:C:rs376313046	IGLV3-1	FALSE	T_608	0	0.9956560847388171	0.008758614364513313	0.3511450381679389
IGSF11:chr3:118904670:C:A:novel	IGSF11	FALSE	T1_608	0	0.6244441157368361	0.05769873874421719	0.09375
IGSF11:chr3:118904670:C:A:novel	IGSF11	FALSE	T_608	0	0.9899439564327436	0.052448754909768816	0.09375
IL18RAP:chr2:102441498:A:C:novel	IL18RAP	FALSE	T1_608	0	0.6365700190139195	0.06037613007171155	0.21428571428571427
IL18RAP:chr2:102441498:A:C:novel	IL18RAP	FALSE	T_608	0	0.9952165759312138	0.012446666289097994	0.21428571428571427
IQCB1:chr3:121772453:T:G:novel	IQCB1	FALSE	T1_608	0	0.6277410742491556	0.0458124568745069	0.15384615384615385
IQCB1:chr3:121772453:T:G:novel	IQCB1	FALSE	T_608	0	0.9945547645114671	0.015773487258927882	0.15384615384615385
IRS1:chr2:226798758:A:C:novel	IRS1	FALSE	T1_608	0	0.6263249866533694	0.04623760826897637	0.11486486486486487
IRS1:chr2:226798758:A:C:novel	IRS1	FALSE	T_608	0	0.9941965374950464	0.016632639087246832	0.11486486486486487
KCNK1:chr1:233671450:A:C:novel	KCNK1	FALSE	T1_608	0	0.6250928152974089	0.045849991867401116	0.11072664359861592
KCNK1:chr1:233671450:A:C:novel	KCNK1	FALSE	T_608	0	0.993642441685798	0.02282436666607855	0.11072664359861592
KCNQ5:chr6:73190888:A:G:novel	KCNQ5	FALSE	T1_608	0	0.6421303311648399	0.06724832088943836	0.35
KCNQ5:chr6:73190888:A:G:novel	KCNQ5	FALSE	T_608	0	0.9954906458632276	0.011942748681995512	0.35
KIAA0895:chr7:36366902:T:G:novel	KIAA0895	FALSE	T1_608	0	0.6225410100336242	0.06018436746422765	0.08333333333333333
KIAA0895:chr7:36366902:T:G:novel	KIAA0895	FALSE	T_608	0	0.9883983934249788	0.05945753642243731	0.08333333333333333
KLK13:chr19:51063595:T:C:novel	KLK13	FALSE	T1_608	0	0.6415299053382632	0.06712131942609885	0.26582278481012656
KLK13:chr19:51063595:T:C:novel	KLK13	FALSE	T_608	0	0.9956377802372972	0.008361505719692535	0.26582278481012656
KLK14:chr19:51077829:C:T:rs1280910544	KLK14	FALSE	T1_608	0	0.6420441642031361	0.0679226769013939	0.3888888888888889
KLK14:chr19:51077829:C:T:rs1280910544	KLK14	FALSE	T_608	0	0.9956593764210993	0.007369080649160788	0.3888888888888889
KLK14:chr19:51079032:C:A:rs866999462	KLK14	FALSE	T1_608	1	0.6161914595739965	0.07972459071489765	0.04375
KLK14:chr19:51079032:C:A:rs866999462	KLK14	FALSE	T_608	1	0.9786585535850884	0.09699840985781068	0.04375
LAMB3:chr1:209622428:T:C:novel	LAMB3	FALSE	T1_608	0	0.6389086188404023	0.06390010888873934	0.2857142857142857
LAMB3:chr1:209622428:T:C:novel	LAMB3	FALSE	T_608	0	0.9951779870146314	0.018403426219489784	0.2857142857142857
LCN1P1:chr9:133227828:G:T:rs1279032073	LCN1P1	FALSE	T1_608	0	0.6367812465901026	0.06228555670518381	0.21052631578947367
LCN1P1:chr9:133227828:G:T:rs1279032073	LCN1P1	FALSE	T_608	0	0.9949929844342325	0.017490074988910295	0.21052631578947367
LINC01667:chr21:9821741:C:T:rs1161132045	LINC01667	FALSE	T1_608	0	0.6384209770736694	0.06403781318296134	0.4
LINC01667:chr21:9821741:C:T:rs1161132045	LINC01667	FALSE	T_608	0	0.9949892715278188	0.017983743314506	0.4
LOX:chr5:122077356:G:A:novel	LOX	FALSE	T1_608	0	0.6249298336631519	0.0473320923869958	0.10714285714285714
LOX:chr5:122077356:G:A:novel	LOX	FALSE	T_608	0	0.9929672169922328	0.028112195534287013	0.10714285714285714
LRIG2:chr1:113093464:G:A:novel	LRIG2	FALSE	T1_608	1	0.6196850740461246	0.0701801833679304	0.06666666666666668
LRIG2:chr1:113093464:G:A:novel	LRIG2	FALSE	T_608	1	0.9834164600197588	0.08144316555970296	0.06666666666666668
LRP1B:chr2:140274628:A:T:novel	LRP1B	FALSE	T1_608	0	0.64089414468974	0.06598270596089276	0.25806451612903225
LRP1B:chr2:140274628:A:T:novel	LRP1B	FALSE	T_608	0	0.9954929430731556	0.010625076526727366	0.25806451612903225
LRRC10B:chr11:61509723:A:C:novel	LRRC10B	FALSE	T1_608	0	0.6246922734018178	0.048028742677442976	0.10344827586206896
LRRC10B:chr11:61509723:A:C:novel	LRRC10B	FALSE	T_608	0	0.9925846445253371	0.03380833084873526	0.10344827586206896
LSMEM1:chr7:112484930:G:A:rs765479355	LSMEM1	FALSE	T1_608	1	0.6176305491995847	0.07670045509615851	0.05333333333333334
LSMEM1:chr7:112484930:G:A:rs765479355	LSMEM1	FALSE	T_608	1	0.980257138429792	0.09252563890263617	0.05333333333333334
MAP3K10:chr19:40215368:A:C:novel	MAP3K10	FALSE	T1_608	0	0.6291306895701441	0.050318074588977656	0.1590909090909091
MAP3K10:chr19:40215368:A:C:novel	MAP3K10	FALSE	T_608	0	0.9946220447462412	0.014065553827249748	0.1590909090909091
MAPK8IP1P2:chr17:45602332:A:G:rs367811852	MAPK8IP1P2	FALSE	T1_608	1	0.6167347555309333	0.07838823609488853	0.0449438202247191
MAPK8IP1P2:chr17:45602332:A:G:rs367811852	MAPK8IP1P2	FALSE	T_608	1	0.9790357269009109	0.09618126692578287	0.0449438202247191
MC1R:chr16:89920215:G:A:rs1239311450	MC1R	FALSE	T1_608	0	0.6432225534248177	0.06862984071264984	0.2923076923076923
MC1R:chr16:89920215:G:A:rs1239311450	MC1R	FALSE	T_608	0	0.9957062369094448	0.00876386962331906	0.2923076923076923
MCM10:chr10:13195440:A:C:novel	MCM10	FALSE	T1_608	0	0.6430226203607875	0.06906210607884107	0.4
MCM10:chr10:13195440:A:C:novel	MCM10	FALSE	T_608	0	0.995673803847806	0.009515364791162594	0.4
MED15P6:chr14:19488139:C:T:rs1444815399	MED15P6	FALSE	T1_608	0	0.6401726571989449	0.06572520499768919	0.29411764705882354
MED15P6:chr14:19488139:C:T:rs1444815399	MED15P6	FALSE	T_608	0	0.9954309439230434	0.010048217832100352	0.29411764705882354
MIR5195:chr14:106851266:C:G:rs545752688	MIR5195	FALSE	T1_608	0	0.6412773492924683	0.06690088919524602	0.25
MIR5195:chr14:106851266:C:G:rs545752688	MIR5195	FALSE	T_608	0	0.9954586086699404	0.011813231128993743	0.25
MPV17L:chr16:15407685:T:G:novel	MPV17L	FALSE	T1_608	0	0.6422849205017563	0.0678708634201732	0.3103448275862069
MPV17L:chr16:15407685:T:G:novel	MPV17L	FALSE	T_608	0	0.9955101104745124	0.011666303959140777	0.3103448275862069
MROH1:chr8:144180597:A:C:novel	MROH1	FALSE	T1_608	0	0.629451334258556	0.05254983051109285	0.14285714285714285
MROH1:chr8:144180597:A:C:novel	MROH1	FALSE	T_608	0	0.9941821687598484	0.021101143478597383	0.14285714285714285
MRPS25:chr3:15065309:T:G:novel	MRPS25	FALSE	T1_608	0	0.6290035635761281	0.04860551050573656	0.1643835616438356
MRPS25:chr3:15065309:T:G:novel	MRPS25	FALSE	T_608	0	0.994683836615444	0.014344960758332075	0.1643835616438356
MT-ND4:chrM:11932:C:A:novel	MT-ND4	FALSE	T1_608	0	0.6430274948477666	0.06835417400775913	0.31746031746031744
MT-ND4:chrM:11932:C:A:novel	MT-ND4	FALSE	T_608	0	0.9956650278714642	0.009470905475741549	0.31746031746031744
MUC2:chr11:1081661:G:A:novel	MUC2	FALSE	T1_608	1	0.6190797866163605	0.07244755825544127	0.061224489795918366
MUC2:chr11:1081661:G:A:novel	MUC2	FALSE	T_608	1	0.982473808250404	0.08462206526238188	0.061224489795918366
MUC2:chr11:1097335:C:T:rs1301187349	MUC2	FALSE	T1_608	0	0.6219428387714441	0.06093698005787961	0.08450704225352113
MUC2:chr11:1097335:C:T:rs1301187349	MUC2	FALSE	T_608	0	0.9881177298226754	0.05996919411617682	0.08450704225352113
MUC2:chr11:1098450:G:A:rs1156562946	MUC2	FALSE	T1_608	0	0.6276869092953191	0.05181384177632376	0.12903225806451613
MUC2:chr11:1098450:G:A:rs1156562946	MUC2	FALSE	T_608	0	0.9934253656436984	0.02824834021103007	0.12903225806451613
MYD88:chr3:38141150:T:C:rs387907272	MYD88	FALSE	T1_608	0	0.6432274584645313	0.06895321407315504	0.29347826086956524
MYD88:chr3:38141150:T:C:rs387907272	MYD88	FALSE	T_608	0	0.9957294500498474	0.009969778810643329	0.29347826086956524
MYO10:chr5:16666815:C:T:rs1304142795	MYO10	FALSE	T1_608	0	0.6426433910863305	0.0685794154134131	0.295
MYO10:chr5:16666815:C:T:rs1304142795	MYO10	FALSE	T_608	0	0.995482169800911	0.013678406267101992	0.295
MZT2A:chr2:131491102:C:T:nan	MZT2A	FALSE	T1_608	1	0.6164629236744306	0.07934616856859829	0.042735042735042736
MZT2A:chr2:131491102:C:T:nan	MZT2A	FALSE	T_608	1	0.9789476105205536	0.09622919116535797	0.042735042735042736
NBPF10:chr1:146067988:C:T:rs3010127	NBPF10	FALSE	T1_608	0	0.6243002836159206	0.05540073574383244	0.10344827586206896
NBPF10:chr1:146067988:C:T:rs3010127	NBPF10	FALSE	T_608	0	0.990530179382238	0.04881740279735596	0.10344827586206896
NBPF11:chr1:148124981:G:C:rs1160754087	NBPF11	FALSE	T1_608	1	0.6167102234400761	0.07863069358258952	0.04651162790697674
NBPF11:chr1:148124981:G:C:rs1160754087	NBPF11	FALSE	T_608	1	0.9790026097251959	0.09627954165230723	0.04651162790697674
NBPF12:chr1:146979242:G:T:rs1169166844	NBPF12	FALSE	T1_608	0	0.6398510671908101	0.06473470895554014	0.3636363636363637
NBPF12:chr1:146979242:G:T:rs1169166844	NBPF12	FALSE	T_608	0	0.9953745468636458	0.012892094547865105	0.3636363636363637
NBPF1:chr1:16575054:A:G:rs10907244	NBPF1	FALSE	T1_608	0	0.6247681601359055	0.04874193283989214	0.10256410256410256
NBPF1:chr1:16575054:A:G:rs10907244	NBPF1	FALSE	T_608	0	0.9928079780424568	0.031085492444374467	0.10256410256410256
NBPF1:chr1:16585380:G:A:rs369430227	NBPF1	FALSE	T1_608	0	0.62523258256129	0.053120436498909886	0.10810810810810813
NBPF1:chr1:16585380:G:A:rs369430227	NBPF1	FALSE	T_608	0	0.9920662886849024	0.03814231678703011	0.10810810810810813
NBPF1:chr1:16589971:A:G:rs78376919	NBPF1	FALSE	T1_608	1	0.6172298226998119	0.07777135036426132	0.054945054945054944
NBPF1:chr1:16589971:A:G:rs78376919	NBPF1	FALSE	T_608	1	0.9798333114047214	0.09312410678683984	0.054945054945054944
NBPF26:chr1:120810167:A:G:rs1488896483	NBPF26	FALSE	T1_608	0	0.6233664526861438	0.056588717454574035	0.08695652173913042
NBPF26:chr1:120810167:A:G:rs1488896483	NBPF26	FALSE	T_608	0	0.9896879527707853	0.053432113234387284	0.08695652173913042
NBPF26:chr1:120814058:G:A:rs1197553902	NBPF26	FALSE	T1_608	1	0.6177087740243127	0.0769140295574953	0.05617977528089888
NBPF26:chr1:120814058:G:A:rs1197553902	NBPF26	FALSE	T_608	1	0.9802121117080412	0.0927250197187132	0.05617977528089888
NCAPD2:chr12:6522194:A:C:novel	NCAPD2	FALSE	T1_608	0	0.6378209683168908	0.06277232833881921	0.2380952380952381
NCAPD2:chr12:6522194:A:C:novel	NCAPD2	FALSE	T_608	0	0.9951364256212808	0.012523351170672437	0.2380952380952381
NFU1:chr2:69437533:C:G:novel	NFU1	FALSE	T1_608	0	0.6432520578474963	0.06893419216658069	0.3130434782608696
NFU1:chr2:69437533:C:G:novel	NFU1	FALSE	T_608	0	0.995616887687621	0.009852690295443715	0.3130434782608696
NGLY1:chr3:25783230:T:G:novel	NGLY1	FALSE	T1_608	0	0.626279796264189	0.0480222999743686	0.125
NGLY1:chr3:25783230:T:G:novel	NGLY1	FALSE	T_608	0	0.9932462636056733	0.028984748972735487	0.125
NLRC3:chr16:3563435:C:T:rs186879243	NLRC3	FALSE	T1_608	0	0.6432935035024947	0.06866010789685302	0.3394495412844037
NLRC3:chr16:3563435:C:T:rs186879243	NLRC3	FALSE	T_608	0	0.995773047315775	0.006942235165166866	0.3394495412844037
NOVA1:chr14:26595283:T:C:novel	NOVA1	FALSE	T1_608	0	0.6338075889700021	0.05769760320608688	0.19047619047619047
NOVA1:chr14:26595283:T:C:novel	NOVA1	FALSE	T_608	0	0.9946674513802513	0.017363878116808316	0.19047619047619047
NPAS3:chr14:32939203:A:C:novel	NPAS3	FALSE	T1_608	0	0.6389537992790589	0.06409379046340494	0.24242424242424246
NPAS3:chr14:32939203:A:C:novel	NPAS3	FALSE	T_608	0	0.9950797178416269	0.0177521364358528	0.24242424242424246
NPIPB11:chr16:29403722:G:A:rs62035609	NPIPB11	FALSE	T1_608	1	0.6167121731661965	0.07860261789354624	0.04716981132075472
NPIPB11:chr16:29403722:G:A:rs62035609	NPIPB11	FALSE	T_608	1	0.9791452396055088	0.09574789264704778	0.04716981132075472
NPIPB7:chr16:28455366:C:A:rs879513116	NPIPB7	FALSE	T1_608	0	0.6386269913175525	0.06430223296651348	0.3
NPIPB7:chr16:28455366:C:A:rs879513116	NPIPB7	FALSE	T_608	0	0.9950946972770772	0.014219111492110815	0.3
NR5A2:chr1:200039833:T:G:novel	NR5A2	FALSE	T1_608	0	0.624709387093812	0.04862061520334394	0.10112359550561796
NR5A2:chr1:200039833:T:G:novel	NR5A2	FALSE	T_608	0	0.9926176067451888	0.03151739027891341	0.10112359550561796
NRAP:chr10:113645865:A:T:novel	NRAP	FALSE	T1_608	0	0.6298364841708303	0.05193610774161648	0.15789473684210525
NRAP:chr10:113645865:A:T:novel	NRAP	FALSE	T_608	0	0.9942762354674404	0.020249257392454863	0.15789473684210525
NRSN2:chr20:359160:A:T:novel	NRSN2	FALSE	T1_608	0	0.6425328911999546	0.06850625239676136	0.2903225806451613
NRSN2:chr20:359160:A:T:novel	NRSN2	FALSE	T_608	0	0.9954316859729048	0.014388635354277472	0.2903225806451613
NUTM2E:chr10:79849996:C:T:rs1283256334	NUTM2E	FALSE	T1_608	1	0.6162887592870346	0.07965226388280185	0.04
NUTM2E:chr10:79849996:C:T:rs1283256334	NUTM2E	FALSE	T_608	1	0.9781267304390318	0.09930776115869737	0.04
OR8U1:chr11:56375881:G:A:rs76949582	OR8U1	FALSE	T1_608	0	0.62238212157387	0.058236929465167175	0.0875
OR8U1:chr11:56375881:G:A:rs76949582	OR8U1	FALSE	T_608	0	0.9888380952153804	0.05589627541958015	0.0875
OTOA:chr16:21721256:C:T:rs1487979808	OTOA	FALSE	T1_608	0	0.6247128802195001	0.052305516789796544	0.0967741935483871
OTOA:chr16:21721256:C:T:rs1487979808	OTOA	FALSE	T_608	0	0.9918220377847641	0.03956267097355591	0.0967741935483871
PAN2:chr12:56318120:T:G:novel	PAN2	FALSE	T1_608	0	0.6281703645639145	0.04906267917628832	0.14285714285714285
PAN2:chr12:56318120:T:G:novel	PAN2	FALSE	T_608	0	0.9940659321863308	0.020385699142251808	0.14285714285714285
PAQR3:chr4:78939227:T:G:novel	PAQR3	FALSE	T1_608	0	0.6275435118248187	0.04732592068726156	0.14925373134328354
PAQR3:chr4:78939227:T:G:novel	PAQR3	FALSE	T_608	0	0.994227168977058	0.01905257971384576	0.14925373134328354
PCDHB13:chr5:141214522:A:G:novel	PCDHB13	FALSE	T1_608	0	0.6434733970235628	0.06913234401097168	0.3229571984435798
PCDHB13:chr5:141214522:A:G:novel	PCDHB13	FALSE	T_608	0	0.9957677723768166	0.007229254162472431	0.3229571984435798
PHACTR1:chr6:13228082:A:C:novel	PHACTR1	FALSE	T1_608	0	0.6345864180913655	0.058523994533468474	0.2
PHACTR1:chr6:13228082:A:C:novel	PHACTR1	FALSE	T_608	0	0.9947861906162958	0.01704091509332018	0.2
PHF13:chr1:6613995:A:C:rs1193794289	PHF13	FALSE	T1_608	0	0.62528375706498	0.04761745006342077	0.11666666666666667
PHF13:chr1:6613995:A:C:rs1193794289	PHF13	FALSE	T_608	0	0.9932080475629188	0.027566942097569675	0.11666666666666667
PHLDB3:chr19:43477981:T:G:novel	PHLDB3	FALSE	T1_608	0	0.6304485661878675	0.0499694848401925	0.17708333333333334
PHLDB3:chr19:43477981:T:G:novel	PHLDB3	FALSE	T_608	0	0.9948188469257088	0.013481123894639223	0.17708333333333334
PI4KA:chr22:20703067:T:C:rs1223217316	PI4KA	FALSE	T1_608	1	0.6156295897412647	0.08115615772078487	0.033816425120772944
PI4KA:chr22:20703067:T:C:rs1223217316	PI4KA	FALSE	T_608	1	0.9782500175693856	0.09823887172447254	0.033816425120772944
PLD1:chr3:171686565:C:T:rs969106944	PLD1	FALSE	T1_608	0	0.6417529073759617	0.06758629150514324	0.275
PLD1:chr3:171686565:C:T:rs969106944	PLD1	FALSE	T_608	0	0.9954400861438102	0.01135314887203488	0.275
PLD5:chr1:242124659:C:A:nan	PLD5	FALSE	T1_608	0	0.6314331865209513	0.05366987873161522	0.17142857142857146
PLD5:chr1:242124659:C:A:nan	PLD5	FALSE	T_608	0	0.9947540584660628	0.01507974518777039	0.17142857142857146
POLL:chr10:101582912:G:A:novel	POLL	FALSE	T1_608	0	0.6430726741688086	0.06887650674250283	0.3167420814479638
POLL:chr10:101582912:G:A:novel	POLL	FALSE	T_608	0	0.9957432691891832	0.01058616703176965	0.3167420814479638
POM121L9P:chr22:24259942:G:A:rs1184976308	POM121L9P	FALSE	T1_608	0	0.6230207154237261	0.058648107846753374	0.09090909090909093
POM121L9P:chr22:24259942:G:A:rs1184976308	POM121L9P	FALSE	T_608	0	0.9891568048290744	0.05629166864318255	0.09090909090909093
POTEF:chr2:130074683:A:G:rs376938834	POTEF	FALSE	T1_608	1	0.6170091042501094	0.07863817682941901	0.045977011494252866
POTEF:chr2:130074683:A:G:rs376938834	POTEF	FALSE	T_608	1	0.9791678437983656	0.09558329303301352	0.045977011494252866
POTEM:chr14:18977717:C:T:rs200621392	POTEM	FALSE	T1_608	0	0.6250761591831778	0.05195309977891089	0.1020408163265306
POTEM:chr14:18977717:C:T:rs200621392	POTEM	FALSE	T_608	0	0.9919934562785414	0.03863023865555525	0.1020408163265306
PRAMEF10:chr1:12892965:T:G:rs2637919	PRAMEF10	FALSE	T1_608	1	0.6171286549309248	0.0782990963729405	0.051020408163265314
PRAMEF10:chr1:12892965:T:G:rs2637919	PRAMEF10	FALSE	T_608	1	0.9791393395981842	0.09653775196704008	0.051020408163265314
PRAMEF11:chr1:12828770:A:G:rs76312011	PRAMEF11	FALSE	T1_608	1	0.6200401662886886	0.06788275650561232	0.07462686567164177
PRAMEF11:chr1:12828770:A:G:rs76312011	PRAMEF11	FALSE	T_608	1	0.9846393761757414	0.07588496159953817	0.07462686567164177
PRH2:chr12:10931084:T:C:rs113678796	PRH2	FALSE	T1_608	1	0.6173150936452664	0.07766760062130637	0.054945054945054944
PRH2:chr12:10931084:T:C:rs113678796	PRH2	FALSE	T_608	1	0.97996217720771	0.09340272338102744	0.054945054945054944
PSG3:chr19:42723798:A:C:novel	PSG3	FALSE	T1_608	0	0.6425916002028791	0.06849524997557105	0.3225806451612903
PSG3:chr19:42723798:A:C:novel	PSG3	FALSE	T_608	0	0.9955877660332596	0.010669810066263705	0.3225806451612903
PTGER4P2:chr9:62843892:A:G:rs374942568	PTGER4P2	FALSE	T1_608	1	0.6170851255451822	0.07865559240569459	0.05063291139240506
PTGER4P2:chr9:62843892:A:G:rs374942568	PTGER4P2	FALSE	T_608	1	0.979240344030366	0.0958115813204536	0.05063291139240506
PTGER4P2:chr9:62843971:G:A:rs368767287	PTGER4P2	FALSE	T1_608	0	0.6282394061882703	0.04935218946313283	0.14285714285714285
PTGER4P2:chr9:62843971:G:A:rs368767287	PTGER4P2	FALSE	T_608	0	0.9942989303229444	0.01758906214245815	0.14285714285714285
PTPN22:chr1:113871763:A:G:novel	PTPN22	FALSE	T1_608	0	0.6430382630309457	0.06836608335895644	0.2962962962962963
PTPN22:chr1:113871763:A:G:novel	PTPN22	FALSE	T_608	0	0.9956441428603	0.009543029855236205	0.2962962962962963
RAD23B:chr9:107331817:G:A:rs958753049	RAD23B	FALSE	T1_608	0	0.6438989601946425	0.06919275274455082	0.3583333333333333
RAD23B:chr9:107331817:G:A:rs958753049	RAD23B	FALSE	T_608	0	0.9957305110408012	0.010611030720519377	0.3583333333333333
RALGAPA2:chr20:20513366:A:C:novel	RALGAPA2	FALSE	T1_608	0	0.6399341387701388	0.06492762617566443	0.25
RALGAPA2:chr20:20513366:A:C:novel	RALGAPA2	FALSE	T_608	0	0.9953858337051104	0.011591416742944682	0.25
RAN:chr12:130874126:G:A:novel	RAN	FALSE	T1_608	0	0.6354438271034061	0.05949261122361817	0.21052631578947367
RAN:chr12:130874126:G:A:novel	RAN	FALSE	T_608	0	0.995024869887882	0.013097649453328943	0.21052631578947367
RBM23:chr14:22904222:C:G:novel	RBM23	FALSE	T1_608	0	0.6347602660880307	0.0585325696272048	0.2
RBM23:chr14:22904222:C:G:novel	RBM23	FALSE	T_608	0	0.9949976207671516	0.013260228017596909	0.2
RFX2:chr19:6047448:G:A:rs769588473	RFX2	FALSE	T1_608	0	0.6436484055721501	0.06920460082101726	0.31901840490797545
RFX2:chr19:6047448:G:A:rs769588473	RFX2	FALSE	T_608	0	0.995680291435722	0.01107696695822957	0.31901840490797545
RGS3:chr9:113508630:G:A:rs1004125145	RGS3	FALSE	T1_608	0	0.6436398974597406	0.06925758188417029	0.392156862745098
RGS3:chr9:113508630:G:A:rs1004125145	RGS3	FALSE	T_608	0	0.9956843130804256	0.010251963430203851	0.392156862745098
RHPN2P1:chr15:20262741:C:T:rs2601503	RHPN2P1	FALSE	T1_608	0	0.6322019847091317	0.053222528510973054	0.19166666666666668
RHPN2P1:chr15:20262741:C:T:rs2601503	RHPN2P1	FALSE	T_608	0	0.9950337626397486	0.01094702688835974	0.19166666666666668
RNF157:chr17:76226754:G:C:novel	RNF157	FALSE	T1_608	0	0.6417967285959667	0.06754494798469211	0.275
RNF157:chr17:76226754:G:C:novel	RNF157	FALSE	T_608	0	0.9954027187786136	0.014108511516787298	0.275
RRP7A:chr22:42514754:A:G:rs28430278	RRP7A	FALSE	T1_608	1	0.6175377191178295	0.07820268437722395	0.05670103092783505
RRP7A:chr22:42514754:A:G:rs28430278	RRP7A	FALSE	T_608	1	0.9797197157269112	0.09418687743180973	0.05670103092783505
RUNX1:chr21:34792308:A:C:nan	RUNX1	FALSE	T1_608	0	0.6441518480993871	0.06942605830528083	0.55
RUNX1:chr21:34792308:A:C:nan	RUNX1	FALSE	T_608	0	0.9956981255972244	0.012013532378425843	0.55
SLC26A6:chr3:48628390:A:C:novel	SLC26A6	FALSE	T1_608	0	0.6267163376938101	0.04487325557528641	0.13725490196078433
SLC26A6:chr3:48628390:A:C:novel	SLC26A6	FALSE	T_608	0	0.9944187954551008	0.016684831491085343	0.13725490196078433
SOD3:chr4:24799441:T:G:novel	SOD3	FALSE	T1_608	0	0.6252366691705811	0.046706228487965185	0.1134020618556701
SOD3:chr4:24799441:T:G:novel	SOD3	FALSE	T_608	0	0.993378614735176	0.024959244330800302	0.1134020618556701
SORCS2:chr4:7664536:G:A:rs544066762	SORCS2	FALSE	T1_608	1	0.6149782554805714	0.08224161667522302	0.02904564315352697
SORCS2:chr4:7664536:G:A:rs544066762	SORCS2	FALSE	T_608	1	0.977216760721574	0.10124765895703684	0.02904564315352697
SPAST:chr2:32064286:A:C:novel	SPAST	FALSE	T1_608	0	0.6331159649145844	0.0566874441959349	0.17391304347826084
SPAST:chr2:32064286:A:C:novel	SPAST	FALSE	T_608	0	0.9944545179300414	0.02075626440470241	0.17391304347826084
SPATA31C1:chr9:87919190:C:T:rs770587855	SPATA31C1	FALSE	T1_608	0	0.6432125728221494	0.06863443351580177	0.3237410071942446
SPATA31C1:chr9:87919190:C:T:rs770587855	SPATA31C1	FALSE	T_608	0	0.9957034610004852	0.010629136988783684	0.3237410071942446
SPSB4:chr3:141147432:C:T:rs201792703	SPSB4	FALSE	T1_608	0	0.640771617244769	0.06632695560784706	0.24489795918367346
SPSB4:chr3:141147432:C:T:rs201792703	SPSB4	FALSE	T_608	0	0.9953382668989688	0.012735048199622666	0.24489795918367346
SRGAP2B:chr1:144905217:G:A:novel	SRGAP2B	FALSE	T1_608	1	0.6167081451788601	0.07882248219582874	0.04093567251461988
SRGAP2B:chr1:144905217:G:A:novel	SRGAP2B	FALSE	T_608	1	0.9789114499820204	0.09696446623825164	0.04093567251461988
SS18:chr18:26023814:C:T:rs1472314875	SS18	FALSE	T1_608	0	0.6391908019977832	0.06429067942674571	0.2368421052631579
SS18:chr18:26023814:C:T:rs1472314875	SS18	FALSE	T_608	0	0.9952858669353664	0.013063943958561915	0.2368421052631579
STIMATE:chr3:52852820:T:G:novel	STIMATE	FALSE	T1_608	0	0.636965182671469	0.06123079448266544	0.20930232558139536
STIMATE:chr3:52852820:T:G:novel	STIMATE	FALSE	T_608	0	0.9950771220643092	0.014024216295018387	0.20930232558139536
SYNJ2:chr6:158087044:T:G:novel	SYNJ2	FALSE	T1_608	0	0.6342163393582261	0.058000151637586386	0.1956521739130435
SYNJ2:chr6:158087044:T:G:novel	SYNJ2	FALSE	T_608	0	0.994889875959752	0.013722715050770024	0.1956521739130435
TATDN2:chr3:10278255:C:G:novel	TATDN2	FALSE	T1_608	0	0.6412348165132287	0.06664350627822811	0.2575757575757576
TATDN2:chr3:10278255:C:G:novel	TATDN2	FALSE	T_608	0	0.9955127418333539	0.011319279534066586	0.2575757575757576
TBC1D12:chr10:94403583:A:C:novel	TBC1D12	FALSE	T1_608	0	0.6425440832736077	0.06873423941283414	0.3548387096774194
TBC1D12:chr10:94403583:A:C:novel	TBC1D12	FALSE	T_608	0	0.9955404119723342	0.010111111506110371	0.3548387096774194
TCAF2P1:chr7:143811163:A:C:novel	TCAF2P1	FALSE	T1_608	0	0.6439633704741726	0.06957808868063968	0.45
TCAF2P1:chr7:143811163:A:C:novel	TCAF2P1	FALSE	T_608	0	0.9957804181083766	0.011396551352276869	0.45
TCEAL3:chrX:103609514:A:G:rs780244651	TCEAL3	FALSE	T1_608	1	0.6165782429202045	0.07879299211251385	0.04639175257731959
TCEAL3:chrX:103609514:A:G:rs780244651	TCEAL3	FALSE	T_608	1	0.9787672578029926	0.09679659596567283	0.04639175257731959
TCP10L3:chr6:167373202:G:A:rs146321515	TCP10L3	FALSE	T1_608	1	0.6180869878005267	0.07681895257810657	0.06106870229007633
TCP10L3:chr6:167373202:G:A:rs146321515	TCP10L3	FALSE	T_608	1	0.9804011384115884	0.09252173928007028	0.06106870229007633
TEKT4P2:chr21:9068902:C:T:rs366418	TEKT4P2	FALSE	T1_608	0	0.6436951788096643	0.06943697302083711	0.5
TEKT4P2:chr21:9068902:C:T:rs366418	TEKT4P2	FALSE	T_608	0	0.9957383619803448	0.008205462502391445	0.5
TF:chr3:133770739:G:A:rs1525890	TF	FALSE	T1_608	0	0.6438319650374	0.06924007080482339	0.37333333333333335
TF:chr3:133770739:G:A:rs1525890	TF	FALSE	T_608	0	0.9956528525827644	0.011537789142021276	0.37333333333333335
TFCP2:chr12:51109248:G:A:novel	TFCP2	FALSE	T1_608	0	0.6424830698967248	0.06804501937355333	0.3125
TFCP2:chr12:51109248:G:A:novel	TFCP2	FALSE	T_608	0	0.9956711445175012	0.012094322293460722	0.3125
TFPI:chr2:187484373:A:G:novel	TFPI	FALSE	T1_608	0	0.6421548246195264	0.06756093616136838	0.4166666666666667
TFPI:chr2:187484373:A:G:novel	TFPI	FALSE	T_608	0	0.9956342367113988	0.009079347578636128	0.4166666666666667
THAP12:chr11:76351063:C:T:rs34345847	THAP12	FALSE	T1_608	1	0.6200751493954157	0.07012604421877269	0.07547169811320754
THAP12:chr11:76351063:C:T:rs34345847	THAP12	FALSE	T_608	1	0.9839561185617158	0.07859426465759291	0.07547169811320754
THOP1:chr19:2811790:T:C:rs2004186	THOP1	FALSE	T1_608	0	0.6246267259755209	0.04936430586172103	0.10619469026548672
THOP1:chr19:2811790:T:C:rs2004186	THOP1	FALSE	T_608	0	0.992721933018511	0.030076916675060312	0.10619469026548672
TMEM178A:chr2:39666529:T:G:novel	TMEM178A	FALSE	T1_608	0	0.6319678395536321	0.05351889652745951	0.17777777777777778
TMEM178A:chr2:39666529:T:G:novel	TMEM178A	FALSE	T_608	0	0.9948934456000894	0.012919798884438723	0.17777777777777778
TMEM232:chr5:110420833:A:T:novel	TMEM232	FALSE	T1_608	0	0.6314538065964694	0.05494981333493885	0.16
TMEM232:chr5:110420833:A:T:novel	TMEM232	FALSE	T_608	0	0.9942889098443212	0.021747746853471573	0.16
TMPRSS11E:chr4:68447350:A:C:novel	TMPRSS11E	FALSE	T1_608	0	0.6305048944113699	0.05200770381091138	0.1702127659574468
TMPRSS11E:chr4:68447350:A:C:novel	TMPRSS11E	FALSE	T_608	0	0.9946555135287768	0.014812762272728356	0.1702127659574468
TOP2A:chr17:40404251:C:T:novel	TOP2A	FALSE	T1_608	0	0.6289525698419528	0.04928152990921286	0.16176470588235295
TOP2A:chr17:40404251:C:T:novel	TOP2A	FALSE	T_608	0	0.994484636791882	0.015494440629129575	0.16176470588235295
TOP3B:chr22:21958150:G:A:rs1165570313	TOP3B	FALSE	T1_608	0	0.6261327054512832	0.05262030843619939	0.1111111111111111
TOP3B:chr22:21958150:G:A:rs1165570313	TOP3B	FALSE	T_608	0	0.992448568128389	0.03825369395282873	0.1111111111111111
TRDN:chr6:123571092:A:T:novel	TRDN	FALSE	T1_608	0	0.6265823808813142	0.04685643482823037	0.13043478260869565
TRDN:chr6:123571092:A:T:novel	TRDN	FALSE	T_608	0	0.9939253314040484	0.020056927585078724	0.13043478260869565
TRPM3:chr9:70537323:G:A:rs775326354	TRPM3	FALSE	T1_608	0	0.6432142416162691	0.0687022557879144	0.29347826086956524
TRPM3:chr9:70537323:G:A:rs775326354	TRPM3	FALSE	T_608	0	0.9957401545087132	0.007872426637418451	0.29347826086956524
TRPM3:chr9:70618765:T:G:novel	TRPM3	FALSE	T1_608	0	0.630460635800317	0.05148559908540978	0.17073170731707318
TRPM3:chr9:70618765:T:G:novel	TRPM3	FALSE	T_608	0	0.9948054481256134	0.013641825101014618	0.17073170731707318
TSN:chr2:121765014:T:G:novel	TSN	FALSE	T1_608	0	0.6279156709447677	0.04875836195862629	0.14583333333333334
TSN:chr2:121765014:T:G:novel	TSN	FALSE	T_608	0	0.9942858453263016	0.02016283086146724	0.14583333333333334
TUBB7P:chr4:189983228:G:A:rs76146840	TUBB7P	FALSE	T1_608	1	0.6163267697632431	0.07909780790181323	0.043209876543209874
TUBB7P:chr4:189983228:G:A:rs76146840	TUBB7P	FALSE	T_608	1	0.9790829034904648	0.09602341939375236	0.043209876543209874
TUBG1:chr17:42615148:A:C:novel	TUBG1	FALSE	T1_608	0	0.6264595655861166	0.0447567323130148	0.12745098039215685
TUBG1:chr17:42615148:A:C:novel	TUBG1	FALSE	T_608	0	0.994208903428386	0.02015058986314615	0.12745098039215685
TUBGCP5:chr15:23037385:G:A:novel	TUBGCP5	FALSE	T1_608	0	0.6407001706122524	0.0667832721102853	0.2727272727272727
TUBGCP5:chr15:23037385:G:A:novel	TUBGCP5	FALSE	T_608	0	0.9954827352340216	0.012297692125927054	0.2727272727272727
TXNDC5:chr6:7904582:T:A:rs750612656	TXNDC5	FALSE	T1_608	0	0.6423248718599875	0.06781117628819792	0.2616822429906542
TXNDC5:chr6:7904582:T:A:rs750612656	TXNDC5	FALSE	T_608	0	0.9956209714040872	0.009275371684360923	0.2616822429906542
UBE3B:chr12:109533766:C:T:rs1279567280	UBE3B	FALSE	T1_608	0	0.6432289258354259	0.06882060112764138	0.32142857142857145
UBE3B:chr12:109533766:C:T:rs1279567280	UBE3B	FALSE	T_608	0	0.995742161391554	0.010549983249901513	0.32142857142857145
USP46:chr4:52658950:T:G:novel	USP46	FALSE	T1_608	0	0.6265091419032713	0.050677580381535685	0.1176470588235294
USP46:chr4:52658950:T:G:novel	USP46	FALSE	T_608	0	0.9931147730261748	0.03112461569421573	0.1176470588235294
Unknown:chr10:41889572:A:G:rs1376940339	Unknown	FALSE	T1_608	0	0.6386802893539508	0.06464142329026343	0.5
Unknown:chr10:41889572:A:G:rs1376940339	Unknown	FALSE	T_608	0	0.9952089052263436	0.014030866200987237	0.5
Unknown:chr10:42070501:G:T:novel	Unknown	FALSE	T1_608	0	0.6404373280674036	0.06584870169795065	0.2916666666666667
Unknown:chr10:42070501:G:T:novel	Unknown	FALSE	T_608	0	0.9954076190221672	0.0109783107434881	0.2916666666666667
Unknown:chr10:42070530:G:A:novel	Unknown	FALSE	T1_608	0	0.6247569182673577	0.05604357538367698	0.0967741935483871
Unknown:chr10:42070530:G:A:novel	Unknown	FALSE	T_608	0	0.990683656079158	0.04774189950342681	0.0967741935483871
Unknown:chr13:17375650:A:C:rs1244022831	Unknown	FALSE	T1_608	0	0.6368851526581996	0.06204561959058168	0.2222222222222222
Unknown:chr13:17375650:A:C:rs1244022831	Unknown	FALSE	T_608	0	0.9947614959972804	0.01904988951241008	0.2222222222222222
Unknown:chr16:34574039:C:T:novel	Unknown	FALSE	T1_608	0	0.6258522404910606	0.04649394226112507	0.1217391304347826
Unknown:chr16:34574039:C:T:novel	Unknown	FALSE	T_608	0	0.9938005938815436	0.022780205284726133	0.1217391304347826
Unknown:chr16:34582991:C:T:novel	Unknown	FALSE	T1_608	1	0.6172194662330368	0.07710585057964613	0.054054054054054064
Unknown:chr16:34582991:C:T:novel	Unknown	FALSE	T_608	1	0.9801260496915841	0.09259513358383736	0.054054054054054064
Unknown:chr16:34584874:A:T:rs1378047980	Unknown	FALSE	T1_608	0	0.6258967727196874	0.04777926074702492	0.125
Unknown:chr16:34584874:A:T:rs1378047980	Unknown	FALSE	T_608	0	0.9935936726421706	0.025352341383844818	0.125
Unknown:chr16:34585781:A:C:novel	Unknown	FALSE	T1_608	1	0.6204295958982389	0.06802264824805568	0.07317073170731707
Unknown:chr16:34585781:A:C:novel	Unknown	FALSE	T_608	1	0.9844179747022253	0.07803966602171866	0.07317073170731707
Unknown:chr16:46390172:C:G:rs9937591	Unknown	FALSE	T1_608	1	0.6188903518735337	0.07370454576784316	0.07027027027027027
Unknown:chr16:46390172:C:G:rs9937591	Unknown	FALSE	T_608	1	0.9822481513889714	0.08467527072487666	0.07027027027027027
Unknown:chr16:46399290:T:G:rs4966658	Unknown	FALSE	T1_608	1	0.6175490766020771	0.07733430824486863	0.05645161290322581
Unknown:chr16:46399290:T:G:rs4966658	Unknown	FALSE	T_608	1	0.9799558784331796	0.09381116232960736	0.05645161290322581
Unknown:chr17:25389924:C:T:rs1381889385	Unknown	FALSE	T1_608	1	0.6204226632534675	0.06862468317550499	0.07352941176470587
Unknown:chr17:25389924:C:T:rs1381889385	Unknown	FALSE	T_608	1	0.9845621962953304	0.07626903152339387	0.07352941176470587
Unknown:chr1:124514180:C:A:rs1332173478	Unknown	FALSE	T1_608	0	0.6288976329789168	0.05331652990833632	0.13636363636363635
Unknown:chr1:124514180:C:A:rs1332173478	Unknown	FALSE	T_608	0	0.9936237589677376	0.027174441334168496	0.13636363636363635
Unknown:chr1:124741408:A:T:novel	Unknown	FALSE	T1_608	0	0.6236532803671887	0.05680189533672204	0.08955223880597014
Unknown:chr1:124741408:A:T:novel	Unknown	FALSE	T_608	0	0.989879735181468	0.0515797712623285	0.08955223880597014
Unknown:chr1:124741470:G:C:rs1457062266	Unknown	FALSE	T1_608	0	0.6224016431130314	0.05940379557648425	0.08695652173913042
Unknown:chr1:124741470:G:C:rs1457062266	Unknown	FALSE	T_608	0	0.9886413121379748	0.057382521310464216	0.08695652173913042
Unknown:chr1:125178878:A:T:novel	Unknown	FALSE	T1_608	1	0.6181914392462109	0.07657470518410812	0.05617977528089888
Unknown:chr1:125178878:A:T:novel	Unknown	FALSE	T_608	1	0.9805128627311812	0.09125657440292917	0.05617977528089888
Unknown:chr1:125179317:A:G:novel	Unknown	FALSE	T1_608	1	0.6159944985685071	0.08076637142298952	0.0379746835443038
Unknown:chr1:125179317:A:G:novel	Unknown	FALSE	T_608	1	0.9784623407529688	0.09750348082100654	0.0379746835443038
Unknown:chr1:125181647:T:G:rs1429032526	Unknown	FALSE	T1_608	0	0.6276626342065565	0.048630335320092186	0.14
Unknown:chr1:125181647:T:G:rs1429032526	Unknown	FALSE	T_608	0	0.9939639027871262	0.021334433265618586	0.14
Unknown:chr1:125181739:A:G:novel	Unknown	FALSE	T1_608	0	0.6237898262952529	0.05519276560214422	0.0975609756097561
Unknown:chr1:125181739:A:G:novel	Unknown	FALSE	T_608	0	0.9906577242032428	0.046701186040778817	0.0975609756097561
Unknown:chr1:143195096:G:A:novel	Unknown	FALSE	T1_608	0	0.6227966345772735	0.061146857110150235	0.08333333333333333
Unknown:chr1:143195096:G:A:novel	Unknown	FALSE	T_608	0	0.988307264297419	0.061312351510234266	0.08333333333333333
Unknown:chr1:143213117:C:G:novel	Unknown	FALSE	T1_608	1	0.6165343080856381	0.07878328989440013	0.05
Unknown:chr1:143213117:C:G:novel	Unknown	FALSE	T_608	1	0.978741714229574	0.09750943776069183	0.05
Unknown:chr1:143213179:C:A:novel	Unknown	FALSE	T1_608	1	0.6174659492148846	0.07764719865665222	0.055813953488372085
Unknown:chr1:143213179:C:A:novel	Unknown	FALSE	T_608	1	0.979721943133434	0.09401796658158423	0.055813953488372085
Unknown:chr1:143217466:A:T:novel	Unknown	FALSE	T1_608	1	0.6193088845143219	0.07029157406007555	0.06779661016949153
Unknown:chr1:143217466:A:T:novel	Unknown	FALSE	T_608	1	0.9834310294804102	0.08089963970233717	0.06779661016949153
Unknown:chr1:143217712:T:G:novel	Unknown	FALSE	T1_608	0	0.6407476086724165	0.06605124668433103	0.5
Unknown:chr1:143217712:T:G:novel	Unknown	FALSE	T_608	0	0.9952726786095216	0.014044693817814334	0.5
Unknown:chr1:143238162:T:C:novel	Unknown	FALSE	T1_608	0	0.6250407554098394	0.0555191344544728	0.1
Unknown:chr1:143238162:T:C:novel	Unknown	FALSE	T_608	0	0.9908900754490898	0.04775177575428926	0.1
Unknown:chr1:143255578:G:A:novel	Unknown	FALSE	T1_608	0	0.6240363125504901	0.0565867523966773	0.09302325581395347
Unknown:chr1:143255578:G:A:novel	Unknown	FALSE	T_608	0	0.990035750735742	0.05137490434421209	0.09302325581395347
Unknown:chr21:9034698:C:T:rs1184318430	Unknown	FALSE	T1_608	0	0.6241017068709275	0.0592200125557305	0.09375
Unknown:chr21:9034698:C:T:rs1184318430	Unknown	FALSE	T_608	0	0.989229590624419	0.05689010437945645	0.09375
Unknown:chr22:11285076:G:A:rs1320624791	Unknown	FALSE	T1_608	0	0.6275976068578489	0.048701447953584096	0.13513513513513514
Unknown:chr22:11285076:G:A:rs1320624791	Unknown	FALSE	T_608	0	0.9938641439836454	0.023882812637284784	0.13513513513513514
Unknown:chr4:67336452:G:A:novel	Unknown	FALSE	T1_608	0	0.6356011717811482	0.059308200782266264	0.20833333333333331
Unknown:chr4:67336452:G:A:novel	Unknown	FALSE	T_608	0	0.9949932984547336	0.01425596300625238	0.20833333333333331
Unknown:chr7:63758914:G:A:rs1305321173	Unknown	FALSE	T1_608	0	0.6250272272468206	0.05286018403348754	0.10256410256410256
Unknown:chr7:63758914:G:A:rs1305321173	Unknown	FALSE	T_608	0	0.9918706327646046	0.039637451482295735	0.10256410256410256
Unknown:chr7:63758921:G:A:rs1315099506	Unknown	FALSE	T1_608	0	0.6245870708806289	0.05272223988125629	0.10256410256410256
Unknown:chr7:63758921:G:A:rs1315099506	Unknown	FALSE	T_608	0	0.9914658988103388	0.04299698535590983	0.10256410256410256
WAC:chr10:28533353:T:G:novel	WAC	FALSE	T1_608	0	0.6368576826366291	0.0607559699970125	0.2127659574468085
WAC:chr10:28533353:T:G:novel	WAC	FALSE	T_608	0	0.995227408593338	0.012869820484250684	0.2127659574468085
WASH2P:chr2:113595872:C:T:rs1196200684	WASH2P	FALSE	T1_608	1	0.6174579316245596	0.07674884066393847	0.05319148936170213
WASH2P:chr2:113595872:C:T:rs1196200684	WASH2P	FALSE	T_608	1	0.9801552555833448	0.09293535261498301	0.05319148936170213
WASH6P:chrX:156025055:C:G:rs1326989192	WASH6P	FALSE	T1_608	0	0.6348450876866336	0.05755361953453924	0.2
WASH6P:chrX:156025055:C:G:rs1326989192	WASH6P	FALSE	T_608	0	0.9949227701198506	0.016927321369879417	0.2
WASH6P:chrX:156027379:G:A:rs867925229	WASH6P	FALSE	T1_608	0	0.6239058108802344	0.055708431611975785	0.0925925925925926
WASH6P:chrX:156027379:G:A:rs867925229	WASH6P	FALSE	T_608	0	0.9903511415707128	0.049190394824789666	0.0925925925925926
WASHC1:chr9:12896:G:A:rs1484632745	WASHC1	FALSE	T1_608	0	0.6261927651332384	0.04652230052831298	0.11627906976744184
WASHC1:chr9:12896:G:A:rs1484632745	WASHC1	FALSE	T_608	0	0.993709377540442	0.022905845603788524	0.11627906976744184
WASHC1:chr9:13096:C:G:rs375344272	WASHC1	FALSE	T1_608	0	0.6215284148952496	0.06426798011579331	0.08181818181818183
WASHC1:chr9:13096:C:G:rs375344272	WASHC1	FALSE	T_608	0	0.986777929406278	0.06588222138082661	0.08181818181818183
WASHC2A:chr10:50125060:T:G:novel	WASHC2A	FALSE	T1_608	0	0.6407612593791857	0.06647959855193168	0.27586206896551724
WASHC2A:chr10:50125060:T:G:novel	WASHC2A	FALSE	T_608	0	0.995385565729032	0.0123901559961033	0.27586206896551724
WDR70:chr5:37688020:A:C:novel	WDR70	FALSE	T1_608	0	0.6273868924124378	0.045532259343814524	0.14814814814814814
WDR70:chr5:37688020:A:C:novel	WDR70	FALSE	T_608	0	0.9943745339829798	0.017645899667820573	0.14814814814814814
WNT10B:chr12:48970094:T:G:novel	WNT10B	FALSE	T1_608	0	0.6269234857077814	0.04613013093280083	0.13846153846153847
WNT10B:chr12:48970094:T:G:novel	WNT10B	FALSE	T_608	0	0.9941705610969188	0.019593594700413875	0.13846153846153847
WNT5A:chr3:55487043:A:C:novel	WNT5A	FALSE	T1_608	0	0.6259772907122427	0.04903131260860489	0.12195121951219512
WNT5A:chr3:55487043:A:C:novel	WNT5A	FALSE	T_608	0	0.9931283394303952	0.029538787828701143	0.12195121951219512
WWP2:chr16:69929940:T:G:novel	WWP2	FALSE	T1_608	0	0.639225554502583	0.06434756339518369	0.23214285714285715
WWP2:chr16:69929940:T:G:novel	WWP2	FALSE	T_608	0	0.9955333145383816	0.0093614143331471	0.23214285714285715
ZNF425:chr7:149126374:A:C:novel	ZNF425	FALSE	T1_608	0	0.6378520083921833	0.06263880887269171	0.225
ZNF425:chr7:149126374:A:C:novel	ZNF425	FALSE	T_608	0	0.9953245063781706	0.00952864784679821	0.225
ZNF479:chr7:57126576:C:T:rs200773962	ZNF479	FALSE	T1_608	1	0.6197640708660972	0.06818851915203025	0.07777777777777778
ZNF479:chr7:57126576:C:T:rs200773962	ZNF479	FALSE	T_608	1	0.9845923551904822	0.07582813177580278	0.07777777777777778
ZNF595:chr4:60543:A:T:rs1220333441,rs1252103475	ZNF595	FALSE	T1_608	0	0.6431909291951547	0.06892299928550702	0.4
ZNF595:chr4:60543:A:T:rs1220333441,rs1252103475	ZNF595	FALSE	T_608	0	0.9954471743135048	0.01300275009602754	0.4
ZNF70:chr22:23744030:T:G:novel	ZNF70	FALSE	T1_608	1	0.6177435076179059	0.07543069897743697	0.0684931506849315
ZNF70:chr22:23744030:T:G:novel	ZNF70	FALSE	T_608	1	0.981166161358094	0.08885325223621529	0.0684931506849315
ZNF750:chr17:82832063:G:A:nan	ZNF750	FALSE	T1_608	0	0.6431071603068395	0.06918630873074835	0.30078125
ZNF750:chr17:82832063:G:A:nan	ZNF750	FALSE	T_608	0	0.9955732749334776	0.012727135276044977	0.30078125
ZXDA:chrX:57908980:T:C:nan	ZXDA	FALSE	T1_608	0	0.6433226049927021	0.06889855465725496	0.3337969401947149
ZXDA:chrX:57908980:T:C:nan	ZXDA	FALSE	T_608	0	0.9956271463535225	0.012261307895661176	0.3337969401947149
